vacancy_title,candidate_name,candidate_email,tech_score,feedback
Government social research officer,Benjamin Mills,kristen89@example.org,16,Sure kid list chance stay policy.
"Designer, jewellery",Raymond Welch,jonathan94@example.com,30,Buy religious seven pull.
Translator,Luke Bradford,dadkins@example.org,36,Long central sound baby.
"Teacher, secondary school",Gary Fleming,floresabigail@example.org,9,Indeed spend his.
Scientific laboratory technician,Allison Hayes,aellis@example.org,43,Performance guess media water.
Civil Service fast streamer,Heather Shields,christopherwilliams@example.com,10,Interesting thus show American.
"Scientist, research (maths)",Bryan Stark,james49@example.org,66,City attack rather campaign prove edge.
Purchasing manager,Sean Watson,kevinmunoz@example.org,96,Hope discover personal popular hand daughter.
Curator,Robert Rhodes,christopherwells@example.org,99,Account follow natural.
Writer,Elizabeth Ruiz,justinwolfe@example.org,41,Middle stuff provide smile speak small ago way.
Special effects artist,Steven Walter,amanda88@example.com,50,Audience until to similar power father second.
Location manager,Stephanie Miller,roger60@example.org,43,Owner something against economic person vote.
Immigration officer,Anthony Martinez,qnewman@example.org,10,Partner along building mission shoulder certain.
Retail banker,Jessica Arias,melanie15@example.org,89,Game on program energy along.
Occupational hygienist,Joseph Gordon,matthewruiz@example.org,71,Source rest behind test.
Television production assistant,Anna Hancock,tmahoney@example.net,41,Position system should hundred memory administration season job.
Risk manager,Thomas Fleming,amanda35@example.org,87,Want loss cold land.
Tax adviser,Susan Richardson,laura03@example.com,12,Sound strong someone outside minute.
"Optician, dispensing",Bradley Mayo,regina79@example.com,44,Structure next former national television exactly easy.
Hospital pharmacist,Michael Johnson,taylormanuel@example.net,73,Computer report sound candidate service job.
Retail banker,Cynthia Gibbs,fordkara@example.org,73,Six treat create majority.
Forensic scientist,Cheryl Fisher,westchris@example.com,78,Able whom enough idea you.
"Therapist, art",Gregg Navarro,tinamccoy@example.com,71,Training after however father.
Horticultural therapist,Benjamin Travis,genglish@example.net,96,Picture official sort think majority put.
"Copywriter, advertising",James Brooks,nicolewalsh@example.org,90,Finally bar on nature not past attack.
Speech and language therapist,Courtney Taylor,emilypeterson@example.net,84,Happy whatever someone second in age.
"Horticulturist, amenity",Alex Garrett,barbaramiller@example.com,85,Address brother series.
"Therapist, drama",Christopher Guzman,cobblisa@example.org,18,Throw federal write let later.
"Social research officer, government",Jason Todd,lpatterson@example.com,2,Culture network mother way painting look try.
"Designer, fashion/clothing",Robert Reed,grahamnoah@example.org,33,Score author center their possible friend.
Ceramics designer,Jeremy Davis,cherylbutler@example.net,51,Skill player choose stuff decision throughout indicate.
Dealer,Cody White,ilane@example.com,65,General own least return cause.
"Surveyor, mining",Andrew Fleming,kdougherty@example.com,60,Receive society now my money amount evening.
Race relations officer,Heather Castro,melissa64@example.org,21,Treatment increase kind rather.
Copy,Kendra Smith,marciaturner@example.com,20,Performance small camera.
"Nurse, children's",Elizabeth Warren,jjohnson@example.com,13,Walk painting up north consumer only.
Warden/ranger,Nicole Walker PhD,upalmer@example.org,5,Green represent create popular.
"Scientist, research (maths)",Paul Smith,mitchellsusan@example.org,26,Special standard each character anything put.
"Surveyor, quantity",Joseph Graves,jeffrey21@example.net,26,Space indeed certain traditional enough forward office.
"Designer, interior/spatial",Kyle Smith,travislevine@example.com,12,Lead likely fact treat center.
Theatre stage manager,Walter Walker,jerome84@example.net,19,Particularly anything address through me production science.
Higher education lecturer,Raymond Russell,simpsonscott@example.net,39,Particularly performance minute have.
"Designer, ceramics/pottery",Robert Williamson,ellenbailey@example.net,92,May week strategy soon they.
"Journalist, magazine",Bradley Bonilla,mathewfisher@example.com,83,Thank decision human worry newspaper hotel.
"Therapist, art",Mallory Mcdonald,nancy49@example.net,55,Southern participant place anything.
Bookseller,Andrea Ramirez,dorothy35@example.org,51,Mission certain tax artist.
Armed forces operational officer,Sara Watson,amanda84@example.org,24,Group huge treatment part region send.
Town planner,Travis Black,rsimmons@example.org,73,Push use day.
Sports coach,Joseph Robbins,jill33@example.com,28,Test information hope turn risk view.
"Accountant, chartered",April Adams,knorris@example.net,18,Improve marriage my day politics protect name.
"Programmer, applications",Steven Edwards,htaylor@example.net,17,Compare low can owner man election join.
"Engineer, automotive",David Solomon,lsullivan@example.net,21,Either say how page.
"Programme researcher, broadcasting/film/video",Lisa Melton,srivera@example.org,74,Top ball whether serve century future deep take.
Dancer,Haley Norton,dawnperez@example.com,40,Paper organization hard about serve goal police maintain.
Chief Financial Officer,Derek Cherry,tiffany00@example.net,4,Understand matter turn share lot pull federal.
Warden/ranger,Mackenzie Willis,jeremyperez@example.com,39,Floor phone little offer loss development.
"Radiographer, therapeutic",Jeffery Pollard,kimberlyhogan@example.org,14,Nothing up draw I but former take.
Psychiatrist,Shannon Wagner,awilson@example.org,54,Once national game story later night.
Magazine journalist,Cheryl Taylor,jeffreycarney@example.org,70,Central enough specific.
Actor,Danielle Anderson,shannoncarter@example.net,16,Car sit assume begin speech.
"Pharmacist, community",Michelle Walters,lknight@example.net,61,Line dog view clearly.
"Designer, ceramics/pottery",Marissa Harper,ehaney@example.com,45,Scene take detail listen avoid start experience.
Biomedical engineer,Victoria Weber,stephanie42@example.org,74,Good main shake participant.
Electrical engineer,Christine Watson,pattonashley@example.net,31,Others source Democrat significant choice subject.
"Administrator, local government",Jeff Valdez,ymckee@example.com,10,Law degree at box friend.
"Accountant, chartered",Ronald Roy,adrienne16@example.net,85,Well international spend close set player apply country.
Health and safety adviser,Stacey Fisher,wrightwilliam@example.com,32,Street brother art that air.
"Scientist, audiological",Crystal Stevens,reyesemily@example.org,50,Produce spring policy series just.
Speech and language therapist,Kenneth Stafford,jennifergross@example.com,15,Usually big side close world sister.
Colour technologist,Deborah Houston,lawrence05@example.com,31,Blue behind tell power cost security water.
"Engineer, water",Jack Murray,conleyeric@example.net,76,Board beat million official.
Exercise physiologist,Allison Valencia,derekowens@example.org,7,Simply economic trip cause.
IT technical support officer,James Carter,shelly10@example.org,4,Stage there back during.
Best boy,Larry Sutton,travis37@example.org,59,Power word occur project other tough.
Toxicologist,Marie Willis,clarkdarren@example.org,72,Record leg current clearly material lawyer.
Hydrologist,Chelsey Leonard,sherri86@example.org,57,Foreign sit money side might.
Insurance broker,Michelle Johnson,courtney48@example.com,12,Day eight air seem sometimes add around.
Higher education lecturer,Timothy Newman,ivasquez@example.org,60,Yet tax manager would water.
"Surveyor, insurance",Emily Myers,millerglenda@example.com,26,Yet reflect agree whose word.
Geophysicist/field seismologist,Lisa Hart,michaelstewart@example.net,10,Certainly its office I work.
Theatre stage manager,Joel Wilson,perezmichael@example.org,35,Enough suddenly nearly.
"Engineer, drilling",Jamie Foster,rwiley@example.org,48,Fund town political.
Sub,Luke Barry,powellheather@example.com,71,Plan task operation professor shoulder only.
"Journalist, broadcasting",Jeremiah Little,mcclainjennifer@example.net,45,Company us player.
Insurance risk surveyor,Emily Andrade,stephen16@example.com,55,Project trade who attorney cause.
Health service manager,James Moreno,xhobbs@example.org,86,Somebody entire join over.
Manufacturing engineer,Veronica Roman,jhayes@example.net,53,Strong write her election fire focus.
"Scientist, clinical (histocompatibility and immunogenetics)",Michelle Smith,marymyers@example.com,28,Still executive stuff scene.
"Engineer, energy",Stephen Brock,joel42@example.org,96,Pressure them nation economic low community.
Recruitment consultant,Gregory Simpson,donnathomas@example.net,80,Song issue win half open concern grow.
Colour technologist,Gail Johnson,mejiacynthia@example.net,87,Thing fight southern half.
"Teacher, adult education",Mary Sawyer,lopezernest@example.org,68,Learn election democratic star agent let agent.
Maintenance engineer,Gary Bowman,bishopcharles@example.org,19,May successful risk dream improve threat rather market.
Advertising copywriter,Jennifer Calderon,nmeyers@example.org,92,Despite movie marriage military mean owner likely.
Music therapist,Jesse Davis,samanthamitchell@example.net,21,Election responsibility Democrat.
Intelligence analyst,Melissa Rodriguez,emily88@example.net,82,View establish which health begin.
"Engineer, land",James Allen,robinsonsusan@example.org,69,Raise policy act operation baby measure wall.
Market researcher,Kyle Stewart,luis08@example.net,85,Gun right worker few see relate plant occur.
Television floor manager,Andrea Paul,kimberlyreed@example.net,6,Best air stuff but.
Technical brewer,Donald Zimmerman,dorothyperry@example.org,82,Wind nor learn their everyone.
Radio producer,Marvin Mathis,sarajacobson@example.com,91,Watch politics move although against.
Print production planner,Michael Sims,bakermichael@example.org,81,Religious rock class executive fact nor.
"Journalist, broadcasting",Frank Nelson,nguyenjennifer@example.net,99,Something country art better maintain.
Public affairs consultant,Marc Wilson,amanda71@example.com,31,Young why hotel article.
"Psychologist, forensic",Phyllis Collier,philip60@example.org,43,Hundred in suffer save.
Patent examiner,Ronald Jackson,pwilson@example.com,8,He front develop election worry kind.
Multimedia specialist,Kimberly Mckinney,kevincraig@example.com,33,Type including single best keep discussion natural friend.
Actuary,Patrick Farmer,brockgina@example.com,0,Together behavior call realize.
Environmental consultant,Corey Stevenson,josephfreeman@example.net,81,Than probably to realize short baby movement.
"Development worker, community",John Brown,dylan17@example.org,1,Game deal yard do discuss.
Public relations account executive,Rebecca Lee,kimberlywalker@example.net,38,Forward set source population likely benefit read.
Heritage manager,Laurie Gonzales MD,bishoperica@example.net,31,Avoid drug store unit big.
Geochemist,Victoria Davis,brian62@example.org,9,Care not available wife cup.
Set designer,Jeff Velazquez,camerontorres@example.com,11,Sure herself customer send heavy wide.
Recycling officer,Joshua Long,jesse22@example.com,56,Middle need deep production born least.
Technical sales engineer,Patty Craig,edwardskelly@example.com,50,Resource sport three beyond also reduce.
Newspaper journalist,Zachary Brown,zbrown@example.com,64,War partner instead game kid generation along house.
"Surveyor, planning and development",Matthew Martinez,carsonmichael@example.com,81,Method according term public several whole explain defense.
Land,Joseph Hall,craigrodriguez@example.org,45,Yet specific material past project page.
Cytogeneticist,Corey Valenzuela,richard50@example.org,60,Away evidence heavy guy teach religious performance concern.
Broadcast engineer,Lisa Blair,xross@example.org,66,Century become wonder everyone prove deal pattern.
Petroleum engineer,Willie Shields,armstrongtaylor@example.com,43,Stop tree character piece much daughter situation support.
Child psychotherapist,Christopher Burns,nancy63@example.net,31,Section style nearly window indeed.
Investment analyst,Thomas Ramos,combsrebecca@example.net,7,Call some ok yet alone respond.
Industrial buyer,William Parks,cartervanessa@example.org,19,Include one early up language third newspaper bit.
"Designer, furniture",Scott Knox,jennyjones@example.org,89,Describe yourself claim community mouth.
Adult guidance worker,Walter Hamilton,thomasfitzgerald@example.org,26,Who between stay season finally chair.
Analytical chemist,Kathryn Odonnell,iharris@example.org,31,Personal will kid same floor.
Psychotherapist,Luis Montgomery,kevinkim@example.org,81,Believe or candidate rock out win protect.
Interpreter,Brad Garcia,susan55@example.com,89,Culture structure alone ball house miss.
Administrator,Frank Monroe,marklynch@example.org,33,Determine section black their.
Clinical embryologist,Rachel Schwartz,ahouse@example.org,64,Why discover build democratic.
Civil Service administrator,Ebony Miller,hnicholson@example.net,29,Rich better fire special issue break.
Medical laboratory scientific officer,James Bailey,elizabeth90@example.org,18,Enough street American around produce race your.
Higher education careers adviser,David Barajas,dramirez@example.org,18,Radio if close deal wide knowledge quite air.
Armed forces logistics/support/administrative officer,Dean Montgomery,grichmond@example.net,7,Arrive business once baby charge.
Best boy,Katelyn Cuevas,melissastanley@example.net,76,Ability air cell cover simply north general third.
"Doctor, general practice",Michael Lambert,alexanderannette@example.com,82,Figure art under commercial nation everybody.
Broadcast presenter,Joshua George,thorntonmarie@example.com,65,Rate trial say must personal from.
Biomedical scientist,Mia Harmon,victoria05@example.net,20,Pretty simply film cover begin.
"Accountant, chartered",Joseph Edwards,owatson@example.org,0,Get thank college eat culture before.
Economist,Scott Calderon,vhester@example.org,3,Stand central like what peace woman.
Health physicist,Laura Hayes,natashaelliott@example.org,66,Media short direction consumer measure.
Dispensing optician,Jackie Murphy,timothysmith@example.com,100,Summer ability perhaps must production outside thank.
Facilities manager,Taylor Taylor,thomasrobin@example.net,6,Everyone church beautiful hotel project page.
Haematologist,Kim Mcdonald,jeremy14@example.org,73,Beat turn better kid.
Retail merchandiser,Katherine Mcdonald,jerry75@example.com,74,Yet seat marriage sometimes off finish.
Advertising account executive,Maria Mueller,ymack@example.org,40,Its true center season list.
Architectural technologist,Elizabeth Fernandez,cmitchell@example.com,29,Dark process catch.
Clinical research associate,Jeffery Kramer,lbutler@example.net,39,Want under food improve pay true perform.
Data processing manager,Christine Elliott,graysamuel@example.net,92,North star dinner reality dog pass market.
"Psychologist, educational",Rodney Austin,cindy59@example.org,3,Unit side ago entire from.
"Therapist, music",Chad Sanchez,marcus63@example.com,18,Wife bed television able tend rich.
Further education lecturer,Michael White,christianfloyd@example.com,34,Key computer like major become.
"Editor, film/video",Nicole Carr,thomasmatthew@example.net,28,Enough direction past possible range themselves best.
Optometrist,Paul Olson,uparsons@example.net,73,Customer single result low.
Field seismologist,Paula Macdonald,corey97@example.com,19,Choice there writer nation detail.
"Merchandiser, retail",Tony Miller,williamsheather@example.com,61,Rich challenge dog poor our Mrs.
Armed forces logistics/support/administrative officer,Kimberly Weber,jessica92@example.com,42,Old magazine religious.
"Engineer, production",Paula Mcintosh,monica98@example.org,40,Plant American also growth buy.
"Social research officer, government",Adam Hampton,megansmith@example.net,47,Perhaps fact fight our fly.
Housing manager/officer,Mark Stewart,edwardskyle@example.com,88,Goal spend effort interesting shoulder.
Retail merchandiser,Michelle Miller,luis93@example.com,95,Occur run fill address option yet bank.
Equality and diversity officer,Douglas Hudson,flowersdaniel@example.org,29,Entire Mrs turn.
"Producer, radio",Riley Russell,cheryl22@example.com,42,Into guy grow perform almost protect.
Holiday representative,Kelsey Lin,irogers@example.net,75,Return author cold in military without.
"Producer, television/film/video",Teresa Cook,uharris@example.com,36,Grow leader much choose.
Sub,Suzanne Wilkins,tiffanymorris@example.com,81,Around affect continue foreign beyond per style.
"Pharmacist, hospital",Jennifer Guerrero,andrewrivera@example.org,34,Pass girl dark theory top.
Seismic interpreter,Jake Williams DVM,stevensbrandon@example.com,89,Various teach section south get staff.
Higher education careers adviser,Jason Carter,tammy06@example.com,99,Whether close short suddenly old.
Theme park manager,Miss Barbara Diaz,justincole@example.com,48,With road wish area.
Armed forces training and education officer,Kelli Chapman,deborahsmith@example.org,22,Nothing magazine career focus.
Pathologist,Phillip Jennings MD,smithsteve@example.org,78,Western personal main third relate.
Information systems manager,Kyle Campbell,joseph79@example.org,30,Set understand company relate ground.
Fast food restaurant manager,Stacy Rios,brandyramos@example.org,4,If present establish something report necessary.
Marketing executive,Billy Coffey,salazarerica@example.com,56,Upon view tonight my between.
Medical physicist,Kendra Hayes,xnguyen@example.net,82,Share opportunity big relate arrive national whom.
Systems analyst,Alex Shepherd,mark86@example.org,33,Exactly forward positive machine work walk sell guy.
Retail banker,Sandra Baker,johnbryan@example.org,23,Door morning career view.
Quantity surveyor,Matthew Herrera,angelapetty@example.com,33,Design material check interview will participant.
"Psychologist, occupational",Hannah Thompson,milleraaron@example.com,51,Table interest shoulder.
Osteopath,Joseph Wong,glopez@example.org,67,Relationship town half near exist visit understand.
Automotive engineer,Russell Ramirez,becky18@example.com,64,Effort prepare town.
Seismic interpreter,Dr. Pamela Rodriguez,amorris@example.com,89,Environment leader figure forward send follow.
Paediatric nurse,Jennifer Miller,oliviacolon@example.com,81,Medical statement itself could major.
Educational psychologist,Sara Little,wilsoncarl@example.org,0,Leader time to cost some news over.
Outdoor activities/education manager,Kyle Huang,shoffman@example.net,71,Dark administration owner wide experience agent consumer despite.
"Engineer, production",Gregory Williams,jamesbryan@example.com,95,Try deal reduce perhaps.
Dentist,Antonio Fuentes,collierjanet@example.org,9,Industry debate theory buy our key.
Tour manager,Diane Malone,blamb@example.net,13,Talk great seek somebody central.
Dancer,Julie Ferguson,richardcampbell@example.org,99,Campaign often international through ten shake.
Careers information officer,Christopher Bennett,martinezbrian@example.com,22,Scientist large what another water could.
Chiropractor,Kimberly Dunn,hallerika@example.org,73,Red election stuff.
"Biochemist, clinical",Jennifer Hill,luis45@example.net,86,Name walk alone girl site office garden.
Chief Executive Officer,Joseph Brown,sheryl41@example.org,49,Owner person some why close.
"Journalist, broadcasting",Joseph Simon,petersryan@example.org,73,Under necessary tough.
Information officer,Jerome Harper,burnsrebecca@example.com,64,Hand protect blood former forward serve onto.
"Secretary, company",Gregory Gibson,elizabethmitchell@example.net,10,Evidence enjoy conference.
Textile designer,Ashley Bell,allenmichael@example.com,1,Response question walk.
"Scientist, research (maths)",Jessica Smith,williamblake@example.net,97,Wife bit fact right inside.
Rural practice surveyor,Donald Mcintyre,erin51@example.com,63,Yard student network himself process during.
"Administrator, Civil Service",Herbert King,lisawilkins@example.com,3,Play rule more play here turn.
Passenger transport manager,Kara Fleming,taylorjason@example.com,24,Every opportunity main use his clearly into.
Seismic interpreter,Tyler Riley,kelly41@example.com,92,Step effect activity explain.
"Teacher, special educational needs",Karla Sanders,mjackson@example.net,4,Recently candidate good tough under color former kid.
Haematologist,Robert Johnson,scraig@example.net,45,Management your mind week herself person response large.
Textile designer,Rodney Parks,ujohnson@example.com,9,Always once might human consumer.
"Designer, interior/spatial",Douglas Graham,greynolds@example.net,14,Know office attack pull.
Risk manager,John Rodriguez,trobinson@example.com,23,Well thank place.
Sports administrator,Carolyn Mack,adawson@example.org,9,Finish positive church heart huge common myself.
Educational psychologist,Brandon Giles,dspence@example.net,42,Speak news sometimes side discover everybody movement.
Passenger transport manager,Deanna Farmer,nicolejones@example.com,2,Wait until part guy shoulder unit when.
Chief Executive Officer,Evan Camacho,christopherallen@example.com,68,Whole scene outside Republican deep.
"Designer, fashion/clothing",Nicole Sullivan,amyatkins@example.org,31,Indeed notice center imagine material water simply.
Sports development officer,Jennifer Sanchez,meyerskaren@example.org,37,Usually program current I.
Advertising art director,Melvin Kaufman,meganquinn@example.com,78,Wife energy different structure pass art.
Ranger/warden,Patricia Watson,jeffreyjones@example.net,80,White could eat daughter dog provide thus want.
Advertising account planner,John Ochoa,ethomas@example.net,90,Best benefit student born.
Seismic interpreter,Sean Morrow,morrisonethan@example.net,56,Onto save matter interview color act protect out.
Careers adviser,Melissa Bell,jeremychen@example.org,57,Sea second attack rule generation market.
Broadcast journalist,Dominic Bennett,walkererin@example.org,9,Third fight Mrs effect natural.
Chief Executive Officer,Megan Olson,jamesarias@example.org,72,So six never yourself position now.
Outdoor activities/education manager,Amber Dunn,cbaker@example.com,89,Exactly expect successful woman.
"Education officer, environmental",Wendy Clark,robert68@example.org,82,Receive kid protect field yes enough.
Pensions consultant,Erik Martinez,francisjoshua@example.net,78,Difference financial technology clear candidate lay.
Environmental education officer,Mark Reynolds,figueroarandy@example.com,91,Evidence might continue radio good bring study wait.
Retail banker,Paul Mclean,sara18@example.org,0,Sport seek than argue owner.
"Scientist, forensic",Arthur Chung,lmoreno@example.org,55,Area hospital speech law product how.
Lexicographer,Jasmine Clark,cindythomas@example.com,78,Voice either trial three debate class institution.
Sport and exercise psychologist,Marie Estrada,jgibson@example.net,63,Mother should walk plan.
Garment/textile technologist,Stephen Singleton MD,umyers@example.net,27,Spring small present her enough threat.
Sports administrator,Paul Zimmerman,thomaslisa@example.org,42,Number success film movement require.
Private music teacher,Donald Powers,cynthiaolsen@example.net,58,Ready home provide TV only.
"Accountant, chartered management",Gregory Torres,morganthomas@example.com,26,Son pass draw.
Neurosurgeon,Mr. Jesse Martinez,contreraslinda@example.com,23,Rock land challenge east animal senior.
Land,Laura Quinn,jennifer94@example.net,89,World letter foreign listen huge.
Technical sales engineer,Jonathan Romero,nmerritt@example.com,97,Claim consider chair evidence board.
Control and instrumentation engineer,Amanda Brooks,uscott@example.org,37,Always soon evidence arm hand house stage.
Radiation protection practitioner,Sylvia Allen,dunnjacob@example.org,38,Practice property center material room.
"Engineer, drilling",Samantha Conley,beckdawn@example.com,47,Quite though personal local.
"Engineer, mining",Douglas Burton,warderin@example.org,70,Wind else difficult officer skin.
Games developer,Kristina Johnson,sarah83@example.com,62,Would human hit statement almost.
Geophysical data processor,Anthony Harris,bonnie94@example.net,44,Strong none girl.
Commercial/residential surveyor,Rachel Bishop,rodneycook@example.net,16,Majority write number page do parent voice.
Commissioning editor,Angela Zavala,shawnowens@example.net,90,Federal many way rate.
Drilling engineer,Bonnie Hunter,erictorres@example.com,31,First recently including.
Senior tax professional/tax inspector,Jacob Perry,fsmith@example.net,85,Laugh budget take job.
"Surveyor, land/geomatics",Eugene Bryant,victorialambert@example.net,2,Science technology day on operation change policy.
Tax adviser,Sean Zamora,amandaortiz@example.com,38,Character space board truth.
"Scientist, biomedical",Christopher Oconnor,holly86@example.com,81,Case allow tree.
Health promotion specialist,Nathaniel Hernandez,vpayne@example.org,64,Get blue result back.
"Nurse, adult",Ryan Shaffer,jamesthomas@example.com,95,Its staff participant energy move why easy.
"Psychologist, forensic",Paul Nelson,zphillips@example.net,26,Condition simply see must.
Ophthalmologist,Amanda Taylor,ehodges@example.net,77,Citizen teach life here.
"Surveyor, mining",Bryan Hill,ujefferson@example.com,24,Itself catch middle.
"Engineer, land",William Montgomery,camachoanne@example.org,28,Might if feel debate travel standard want.
"Designer, multimedia",Randy Howard Jr.,derekruiz@example.net,57,Board church upon task student consumer.
Nature conservation officer,Glenn Jensen,jessica80@example.net,22,Student test continue house include who note.
"Scientist, research (life sciences)",Faith Knight,estradaerin@example.net,48,To poor focus join.
"Production assistant, radio",Catherine Lambert,romerojames@example.net,18,Customer challenge every pull.
"Engineer, technical sales",Heather Scott,browncaleb@example.org,38,Base put region water still.
Holiday representative,Bethany Myers,susanjefferson@example.org,58,Arm stuff knowledge player end.
"Conservator, museum/gallery",Holly Scott,hartmanmary@example.com,67,Conference visit garden moment large.
"Research officer, political party",Kristen Faulkner,sharon04@example.net,89,Sport politics clear small reflect citizen today reveal.
Scientific laboratory technician,Anthony Mitchell,christopherdecker@example.org,2,Its against cause until treatment peace hand.
"Engineer, aeronautical",Michael Harper,hortiz@example.net,99,Possible identify shake I fine pull also.
Immunologist,Sarah Holloway,johnsonpaul@example.net,88,Yet certain score computer close chance phone.
Retail banker,Jay Mccoy,jtaylor@example.com,38,Surface discussion painting best.
"Engineer, land",Sandra Franklin,omccormick@example.net,21,Sense southern senior price chance man someone.
Financial adviser,Stacy Garcia,jennifercampbell@example.com,46,Story interest when certain million small Democrat.
Video editor,Amber Marquez,vanceshannon@example.org,87,Month behind various opportunity.
Stage manager,William Massey,gbaker@example.net,53,Some person physical often.
"Therapist, art",Andrea Hancock,lmendez@example.net,1,Often black development star.
Furniture conservator/restorer,Kelly Miller,ncarter@example.net,13,Spring else need goal table agency mention.
Research scientist (physical sciences),Ashley Obrien,icarter@example.org,93,Site line about continue.
Sales promotion account executive,Alexa Young,ashleybowers@example.net,77,Civil huge mean idea.
"Research officer, trade union",Miranda Molina,wattsjames@example.net,99,South side task serious recently thought.
"Journalist, magazine",Jeffrey Luna,leedward@example.net,63,Move because move wife door.
Ergonomist,Elizabeth Brown,briankelly@example.net,95,By father ago.
Health promotion specialist,Joshua Lawrence,danielsutton@example.com,81,Art nature coach specific.
Sports coach,Terry Pena,david16@example.net,62,Under foreign young happy young series ok.
Commissioning editor,Brenda Thompson,nicholasdowns@example.com,73,Suggest others themselves discuss family apply task.
Call centre manager,Erica Arnold,halldevin@example.org,51,Film perform scientist but throughout positive manager.
"Education officer, environmental",Tanya Clark,nicholas17@example.com,66,Become catch will such data color.
Bookseller,Tara White,baileydaniel@example.org,19,Treat tree some bit.
Furniture conservator/restorer,Marvin Decker,leewilliam@example.org,50,Concern challenge level side have mention medical.
Pension scheme manager,Becky Lam,jasmin92@example.com,57,Apply citizen enjoy day.
Archivist,Wendy Wagner,ahutchinson@example.com,3,Color case practice room around.
Theme park manager,Curtis Watts,david92@example.com,7,Value travel front memory.
Hydrographic surveyor,Isaiah Anthony DDS,smithpaula@example.org,37,Try another well beautiful past week today.
Commercial/residential surveyor,Michael Berry,randalldawn@example.org,56,Before military dark space author.
"Engineer, maintenance",Rebecca Armstrong,phoward@example.com,2,Future federal western woman perhaps small likely.
"Scientist, marine",Jason Smith MD,coopercourtney@example.net,16,Free realize wear director mean job tell must.
"Education officer, museum",Jesse Jones,vanessahenderson@example.org,33,Cold ask story Congress.
Holiday representative,Kevin Williams II,george07@example.net,30,Dinner check receive consumer small.
"Accountant, chartered management",Allison Moss,howellthomas@example.org,8,Third summer staff Mr discover.
Prison officer,Stephanie Shelton,crystalgardner@example.com,79,Bar out goal serious child finally film price.
Amenity horticulturist,Timothy Valentine,smithsusan@example.org,49,Officer against term personal mean.
Systems analyst,Sara Blair,gjohnson@example.net,76,Your other difficult very kid.
"Engineer, civil (contracting)",Gina Lewis,jasonmiller@example.com,98,Receive stay better spring plant let.
Engineering geologist,Leah Nelson,julie85@example.net,76,Trade network mention draw north bring.
Veterinary surgeon,Tony Brown,monica64@example.org,24,Them body use.
Hydrographic surveyor,Jeremy Hughes,ahenry@example.com,31,Not simply chair.
Charity officer,Tammy Mcbride,lauren07@example.net,38,Live reflect break simple.
Mining engineer,Thomas Miller,jennifer61@example.org,89,Side garden why collection dinner term candidate.
Animal nutritionist,Jimmy Hodges,pandrews@example.org,99,Heart wind resource base full.
Sales executive,Jessica Mahoney,jessica59@example.net,94,Business treat theory art if become car.
Outdoor activities/education manager,Kevin Lopez,sarah39@example.org,12,Drop decide bag tonight.
Ambulance person,Julie Martinez,ublevins@example.net,36,Position arm return machine main.
"Solicitor, Scotland",Stephanie Mayer,judy66@example.net,4,Star order speak between.
"Teacher, English as a foreign language",Justin Baldwin,brownchristopher@example.com,99,Close strategy step drive voice fear a.
Risk analyst,Katherine Mullins,schmidtzachary@example.org,38,Rather like spend church step meet adult.
Tour manager,Cory Kirby,christopher82@example.net,16,Get focus go heart.
Sports therapist,Ryan Brown,maryyoung@example.org,74,Daughter purpose language past trip keep.
"Psychotherapist, child",Laura Chapman,emily69@example.net,25,Should fund seat wonder standard should.
Ambulance person,Amanda Carpenter,paul90@example.net,90,Them send life bad customer.
Geochemist,Oscar Hill,xibarra@example.com,77,Summer question push our.
Museum education officer,Austin Richardson,maxstewart@example.com,36,Keep any different involve learn political figure.
Retail buyer,Timothy Hendricks,michaelwilliams@example.net,19,Remain watch from rule well.
"Surveyor, rural practice",Gregory Holt,tmontoya@example.org,6,Season cost discuss former put test without.
Medical secretary,Brittany Vaughn,parkerkathleen@example.org,87,Very include service let perhaps.
Site engineer,Donna Rodriguez,ianchristensen@example.org,32,Moment charge party recently bed play.
"Designer, ceramics/pottery",Thomas Curtis,louis75@example.org,71,Animal policy name election agreement short walk.
Broadcast presenter,Elizabeth Lara,thomas62@example.net,18,Seek yard network while throughout poor nearly.
"Teacher, adult education",Jennifer Henry,eric85@example.org,15,Smile story describe tend pay once.
"Therapist, nutritional",Ryan Blair,aprilwilson@example.org,51,Behavior body somebody strategy value good guess.
Arts development officer,Frank Schneider,rogermeadows@example.org,82,Interest best cultural add behind address.
Firefighter,Jessica Smith,omartin@example.com,96,Respond man those education resource chance approach.
Energy engineer,Jennifer Hurst,lmitchell@example.com,6,Conference a life question soldier determine.
Systems analyst,Billy Taylor,youngchris@example.com,88,Democrat quite prepare wind three lose.
Actuary,Brian Young,scottlevy@example.org,1,Him bit pretty challenge.
Dealer,Gregory Gray,tara09@example.org,73,Level series student success statement several notice.
Air broker,John Taylor,wesley50@example.org,64,Serious great stop state population.
Probation officer,Arthur Vega,cory14@example.net,56,Really business consumer so soon camera special our.
Public relations account executive,Larry Perez,sbowman@example.org,5,Occur ago water protect our.
Ranger/warden,Alisha Murillo,kmills@example.com,51,Agency beyond him office.
Waste management officer,James Harris MD,wweber@example.org,23,Simply remain time director marriage maybe.
Land/geomatics surveyor,Scott Carlson,xavierjames@example.org,54,Attention bill month institution light bill enough.
"Therapist, drama",Leah Montgomery,craig67@example.com,94,South owner off tell.
Sport and exercise psychologist,Benjamin Mitchell,timothy24@example.org,37,Enter serious again organization.
Communications engineer,John Cisneros,hgutierrez@example.org,69,Push early after sit traditional hot just.
"Nurse, learning disability",Terry Stanley,ocooper@example.org,100,Animal eight establish child week physical.
Tourism officer,Michael Smith,danielbaker@example.net,96,Us various company me.
Broadcast engineer,Shawn Bryant,cantrellpaul@example.net,22,Very dog send movie compare.
Senior tax professional/tax inspector,Ricky Mcmillan Jr.,suzannethomas@example.com,44,Minute policy effect friend measure for.
Press sub,Carl Becker,ericksonkatie@example.org,3,Water whose finally they manage goal.
Investment analyst,Michael Williams,robertmay@example.com,94,Movement ask father think.
"Engineer, manufacturing systems",Michael Bryant,brittany47@example.org,82,Between too series price almost.
Patent attorney,James Mason,parkerjacqueline@example.org,12,System size represent.
Call centre manager,Stacy Wilson,lemelanie@example.com,73,Control through training card statement.
Risk manager,Michelle Carlson,david83@example.net,71,Several night full beyond pretty cut opportunity financial.
"Embryologist, clinical",Katie Conley,schristian@example.com,56,Why total think marriage beyond sometimes government.
"Engineer, manufacturing",Stephanie Garcia,evansandrew@example.com,95,Remain capital rule another turn test team.
Special educational needs teacher,Julia Jones,brian40@example.net,74,Economy full interview quality from floor.
Financial risk analyst,Jessica Kelley,clee@example.com,70,Amount on no consumer.
Pharmacologist,Gregory Long,yhurst@example.org,14,Say team born point prevent right.
Tourist information centre manager,Shannon Garcia,christianandrew@example.net,97,Air bit forget likely.
Office manager,Max Abbott,mgonzalez@example.com,91,Decide capital mouth national movement order crime operation.
Chief Executive Officer,Lauren Lopez,jason26@example.com,42,Answer determine effort real.
"Buyer, industrial",Deborah Garcia,mitchellstephen@example.org,62,War force another election.
Private music teacher,Wesley Richardson,kimberly96@example.org,62,Camera growth provide affect.
Brewing technologist,Daniel Kim,yolandasanford@example.org,35,Walk staff loss cold kitchen hit.
"Administrator, charities/voluntary organisations",Jonathan Williams,alex10@example.org,95,Best successful front goal positive few note his.
"Buyer, industrial",Matthew Lane,tyler96@example.com,89,Spring anything TV past per.
Paramedic,Donna Brown,charles79@example.com,91,Keep every artist message can middle professor.
Water engineer,David King,rlee@example.org,14,Dog station let social.
"Social research officer, government",Sara Gray,ischmitt@example.net,90,Though something sport shake.
Corporate investment banker,Diana Smith,petersonkristine@example.net,69,Movement movie available see cold visit present moment.
Photographer,John Bauer,oliviadavis@example.com,8,Industry second wait.
"Civil engineer, consulting",Amber Diaz,jeremyboone@example.org,31,Become rise treatment.
Mudlogger,Elizabeth Bradley,millerwendy@example.com,67,Section student certain quite.
Market researcher,Megan Weaver,melissabutler@example.net,48,Its reveal fill cover model.
Musician,Kevin Marquez,loriperry@example.org,41,Finally most century determine study share tonight.
Product/process development scientist,Tasha Smith,dustinhenderson@example.org,34,Contain bill use top you.
Pensions consultant,Logan Young,jwhite@example.net,72,Region professional property area four probably focus.
Agricultural engineer,Thomas Wright,stephanie36@example.org,47,People resource visit loss.
"Geneticist, molecular",Jeffrey Jordan,brittanymartinez@example.org,57,Design cultural once yard term.
Environmental manager,Mary Brady,rreyes@example.net,78,Hold there security option.
"Teacher, secondary school",Lindsay Hill,pwilliamson@example.net,79,Force Mrs animal focus read.
Fitness centre manager,Erica White,bendercharles@example.net,91,Build develop speech.
Gaffer,Taylor Fisher,stewartsteven@example.net,21,Explain research think practice agreement although.
Animal technologist,Brandy Carlson,barbararogers@example.com,28,Indicate term into simply.
Exhibition designer,Dale Valencia,colemanaustin@example.com,96,Gas change admit dinner report safe phone whole.
Systems developer,John Jenkins,stephaniegarcia@example.com,44,Figure capital stand now situation effect discover themselves.
Television floor manager,Steven Steele,lmarquez@example.net,85,Send upon realize someone maintain marriage speak employee.
Sales promotion account executive,Donald Vargas,megan32@example.org,96,Become chance hospital state turn effect require recent.
"Psychologist, clinical",Teresa Hill,cindylopez@example.com,72,Number purpose level.
Risk analyst,Christopher Acevedo,joshua96@example.org,84,Apply federal mouth wait partner a among.
"Surveyor, planning and development",Kelly Walker,samanthasmith@example.org,64,Deal price rich open serve none field.
Sports coach,Amanda Brown,morgansanchez@example.org,4,Security one either environmental.
Special effects artist,Peter Young,whitekevin@example.net,2,He message audience born cup food also may.
Air traffic controller,Matthew Lowe,weberkaren@example.net,1,Today either live music follow mean decision.
Chiropodist,Carol Nicholson,xvelasquez@example.com,18,Push several job threat fish yet will value.
Tax inspector,Mr. Kenneth Wang,heathermarshall@example.org,89,Hospital husband store bill.
Mechanical engineer,Justin Schneider,gsolomon@example.net,57,Growth for analysis skin.
Nutritional therapist,Robin Mcintyre,russelljesse@example.org,95,Team employee imagine same city spend.
Pensions consultant,Chelsea Jones,pcole@example.net,7,Learn up sign during meeting deal stand.
Copy,Robert Thornton,maysjennifer@example.org,17,After exactly owner store question baby away.
"Psychotherapist, dance movement",Walter Freeman,shorton@example.org,43,He focus own record floor kitchen teach.
Museum/gallery curator,Bobby Robinson,smithjorge@example.net,8,Hold bed drive next.
"Horticulturist, amenity",Alexander Weaver,tmaynard@example.net,52,Box benefit customer.
"Engineer, technical sales",Jesse Alvarado,cowanvanessa@example.com,20,I stock right guy drop dog cultural.
Waste management officer,Jennifer Knight DVM,brendadiaz@example.org,13,Light affect up media.
Special educational needs teacher,Charles Rivera,andersonrebecca@example.com,3,Address near society few.
Personal assistant,Jacqueline Miller,tuckerjeremy@example.org,22,Value agency she lawyer itself rich decide road.
Banker,Linda Figueroa,jbennett@example.net,58,Yeah represent write be blue miss amount upon.
Control and instrumentation engineer,Terry Woods,wilkersonjeffrey@example.com,18,One more word big now both.
Private music teacher,Ashley Ortiz,jimenezamy@example.net,55,I sister community arm seek.
Social researcher,Emily Fletcher,santoswilliam@example.org,9,Many day instead beautiful.
Electronics engineer,Veronica Jones,qbridges@example.org,6,Why white live.
"Designer, fashion/clothing",Douglas Snyder,parkerbrian@example.com,67,Traditional training base plant walk well.
Environmental consultant,Bobby Adams,stephenowens@example.org,55,Far morning throw call brother.
"Therapist, horticultural",Christine Smith,gwagner@example.net,14,Movement during reach oil economy yard billion.
Corporate investment banker,Alec Stewart,igordon@example.net,87,One pattern east animal.
Retail banker,Luke Peters,nandrews@example.net,96,Power group ground bill matter.
"Programmer, applications",Danielle Moore,kathryn42@example.com,69,During especially benefit view area how under.
Tax adviser,Kathryn Palmer,khill@example.net,19,Room artist Congress actually.
Metallurgist,Sarah Bird,erobinson@example.net,10,Which home water question.
Prison officer,Frederick Brown,hlivingston@example.net,32,Instead base debate father almost.
Radio producer,Sharon Galvan,alansalinas@example.net,12,Television goal level structure of finally sea grow.
Corporate investment banker,Steven Jenkins,thomas32@example.net,12,Special serve song phone today such likely.
"Engineer, communications",Daniel Smith,deniserobinson@example.org,59,Save message will.
Health service manager,Robert Robinson,dpham@example.com,26,Include available defense again three.
Jewellery designer,Joseph Suarez,donna15@example.com,46,Tax treatment play laugh stay.
"Therapist, drama",Jonathan Holmes,carla66@example.org,70,Physical our yes investment.
Secretary/administrator,Bradley Mathews,shelly61@example.org,93,Executive feeling few apply.
"Engineer, control and instrumentation",James King,wjenkins@example.net,30,Fine boy bill operation.
Phytotherapist,Ricardo Brown,pferguson@example.com,45,Pretty senior share station central.
Audiological scientist,Jonathan George,barbarabishop@example.org,25,Within behind break degree alone into stop.
Chiropractor,Michelle Estrada,jeremy85@example.net,96,Difference glass although hope direction.
Medical illustrator,Kelsey Rogers,qfranklin@example.com,18,Say represent watch detail always us.
Senior tax professional/tax inspector,Brian Wise,markstewart@example.org,25,Law control play show often.
"Producer, television/film/video",Bryan Koch,ryancook@example.com,0,Its customer deal heart service order.
Best boy,Brian Spears,james20@example.com,29,Number drop protect clear health consumer this.
Operational researcher,Gregory Castro,marialewis@example.com,11,Clearly beat pay manager.
Planning and development surveyor,Gabriela Fischer,thomas34@example.com,94,Type court single yet.
"Engineer, energy",Megan Guerra,ryan70@example.org,82,Early fly can worry develop course.
Optometrist,Douglas Chen,abigailmcgrath@example.com,16,With art sport toward impact somebody rule easy.
"Pharmacist, community",Amy Buckley,denisecortez@example.net,8,Difference ball center skill bank last discover.
Press photographer,Daniel Castillo,lauracole@example.org,17,Why send brother general suffer season.
Illustrator,Lisa Matthews,campbellleslie@example.org,57,Politics very bed.
Maintenance engineer,Jennifer Patel,vbowers@example.com,81,But cut think security rich thus.
"Scientist, water quality",Emily Myers,michael78@example.net,50,Least east main evening ask next.
"Optician, dispensing",Elizabeth Paul,frank88@example.com,64,Medical author stop operation.
Haematologist,Edward Freeman,coopershannon@example.org,5,The marriage black letter summer work.
Accommodation manager,Jessica Freeman,markmartinez@example.com,13,Leg clear dream cover hear bar yard could.
Stage manager,Brenda Jones,parrishsteven@example.org,8,Study trade someone.
Drilling engineer,Brandi Bailey,rmyers@example.net,6,Serious guess across paper.
Mechanical engineer,Mark Hall,abigail67@example.com,33,Church character such parent area inside others nearly.
Sports development officer,Rebecca Olson,martinjames@example.net,55,Actually allow yet important.
Community development worker,Johnny Gray,nelsondorothy@example.net,10,Wrong class lot thing hand.
Communications engineer,Joshua Moore,rachel38@example.com,43,Road teach news.
Maintenance engineer,Kyle Ramirez,kterry@example.org,98,Crime particularly forward stuff require senior.
IT consultant,Ethan Cross,arielgonzalez@example.com,19,Hospital serve local around born.
Herpetologist,James Austin,lfisher@example.org,1,Couple couple answer western.
Management consultant,Kristin Daniels,calvarez@example.org,15,Argue local low help bring black beat.
Company secretary,Ryan Farrell,hamiltonethan@example.net,23,Travel example as travel per.
Writer,Joseph Nelson,hannahmoore@example.com,51,Church play economy manage take experience act.
Chief Marketing Officer,Todd Branch,brian42@example.org,40,Sense still expert human.
Equities trader,Brian Padilla,samantha90@example.net,32,Computer investment box listen back finish.
Phytotherapist,Erica Reyes,robinsonpaula@example.net,89,Decade under consumer respond before.
Office manager,Joshua Davis,bretttaylor@example.net,33,War mention have need.
Forensic scientist,David Washington,laura75@example.net,60,Report difference law kid.
Special educational needs teacher,Kimberly Henderson,shannon28@example.org,59,Against war suffer three standard change argue.
Insurance risk surveyor,Emily Rosario MD,lawrenceanna@example.org,54,Church accept born recently.
TEFL teacher,Scott Kelley,josephmoran@example.net,61,Five brother production last he never.
Physiological scientist,Nicole Anderson,lopezdale@example.org,17,Property certainly prevent system even.
Animator,Rachel Hamilton,thomaslewis@example.org,29,Into list main.
Data scientist,Madison Rodgers,ghill@example.com,36,Hear discover bag establish mother.
Structural engineer,Cassandra Taylor,richardstone@example.net,45,Help production price democratic respond huge town soon.
Training and development officer,Sarah Harris,shane39@example.com,91,Important accept body happy home.
Sub,Diane Espinoza,dmccormick@example.net,1,Difficult hospital sell subject strategy.
Magazine features editor,Chelsea Gonzales,chelsea23@example.org,50,Wish all sing modern defense.
Civil Service administrator,Sarah Burton,ashley03@example.com,83,Attention piece position process create require continue.
Chartered certified accountant,Paul Anderson,mbradley@example.com,14,Join quite speech car live son way.
Armed forces operational officer,Melissa Wang,josephburton@example.com,57,Local which pull generation political.
Chief Financial Officer,Jacqueline Wilkerson,steven47@example.net,95,Attention down energy service someone discussion police.
Call centre manager,Tonya Robinson,jenniferadams@example.org,34,Smile discover name voice speak find.
Community development worker,Tiffany Smith,seanshaw@example.org,60,Serve civil analysis spring seven.
Personal assistant,Teresa Hall,gregorylee@example.org,5,Body study majority.
Prison officer,Dana Cross,nancymeadows@example.org,7,Give agent western crime stand either light.
"Surveyor, rural practice",Jacob Walker,kyle30@example.com,34,Common month then sell reveal.
Medical physicist,Terry Moore,thomas67@example.com,34,Three great concern reflect oil night.
Broadcast presenter,James Herman,zdavis@example.org,93,Today laugh give theory.
Actor,Keith Lawson,michaelalvarez@example.com,79,Tough someone reveal Republican us.
"Designer, jewellery",Barry Rivera,imiddleton@example.net,83,Area sound another social control.
Chiropractor,Isaiah Mcdonald,debra86@example.com,76,Laugh white color second material all.
English as a second language teacher,Fernando Duran,connertyler@example.com,90,Thus myself hear too.
Legal executive,Sara Mccoy,davidking@example.net,92,Really evidence water very remember above focus.
Meteorologist,Michael White,fthompson@example.org,87,Southern toward order reveal.
Investment analyst,Tracy Haynes,austinedwards@example.com,30,Attorney seem owner night discuss institution.
"Accountant, chartered",Wesley Li,allen67@example.net,70,Eye indeed piece quality necessary hotel teach.
Pharmacologist,Jose Weber,martin25@example.org,34,Economy watch challenge they arrive put.
"Scientist, physiological",James Christensen,shenderson@example.org,95,Section whom simply memory.
Retail manager,Linda Cook,laurajames@example.org,32,Mission general together but per police truth.
"Designer, industrial/product",Kelli Gilbert,nelsonanne@example.net,93,And new past later environmental traditional after.
"Designer, interior/spatial",Michael Walsh,andrew90@example.com,13,Use local learn type real language read.
"Surveyor, building",Victoria Gregory,feliciabennett@example.com,33,Drug result area add.
Field trials officer,Chad Booker,leejessica@example.net,0,Language change partner loss.
Primary school teacher,James Romero,ericmartin@example.org,67,Outside without case data table.
Landscape architect,Brenda Johnson,ftorres@example.com,8,Chance defense player great.
"Designer, graphic",Hannah Lowery,ywood@example.org,71,Relate since since man.
Teaching laboratory technician,Brian Carpenter,stephanieschultz@example.net,87,Ago language daughter.
"Surveyor, planning and development",Wendy Cooper,dmendoza@example.org,63,She other back newspaper.
Water engineer,Shannon Brown,wooderin@example.net,59,Best allow majority pass.
Financial planner,Mr. James Kennedy,lschmidt@example.com,32,Newspaper also score student public amount office.
"Engineer, agricultural",Steven Rhodes,brendanjohnson@example.com,10,Like pattern join look wide.
Retail buyer,Charles Berg,josephkrista@example.org,99,Seem entire of who.
Translator,Melanie Young,jacqueline85@example.org,60,Name season agreement much night back public employee.
"Nurse, mental health",Bryce Stout,deankatelyn@example.net,71,Garden enjoy exist spring foreign.
Mudlogger,Joseph Austin,michael25@example.org,35,Well director information chair identify these.
Clinical molecular geneticist,Anna Johnson,ashleymartin@example.org,21,Bit natural father able at performance.
Special effects artist,Charles Rodriguez,kware@example.net,75,Theory recent college enter language.
Geophysicist/field seismologist,Kathleen Cook,kwatkins@example.com,0,Page let dark image.
"Education officer, museum",Bobby Gaines,dlopez@example.org,83,Question campaign other lose its.
Health and safety inspector,John Hall,jessica75@example.com,88,Notice travel admit former.
Financial manager,Cynthia Kelly,dominiquegoodwin@example.net,33,Free article fill team visit heart despite.
Primary school teacher,Robert Frey,jonespatricia@example.org,6,Feel eight entire bar.
Advertising copywriter,Angela Reed,nfernandez@example.org,19,Marriage start business take instead real cell.
Counsellor,Tracy Vega,scott69@example.net,89,Environment possible remember simply through magazine organization.
"Engineer, automotive",Jenna Williams,christopher31@example.org,28,Medical forward nice military scientist deal.
"Scientist, water quality",Kristen Sheppard,zoejackson@example.net,67,Drug serve television.
Charity officer,Hannah Olson,amandalong@example.net,72,Memory most decide hand.
Early years teacher,Kelly Guzman,todd15@example.org,29,Campaign author space or probably.
Call centre manager,Brian Perry,brendabyrd@example.com,0,Amount truth word beyond today.
Actuary,Nancy Douglas,escott@example.com,35,Image hard owner.
Astronomer,Timothy Holmes,courtney23@example.org,37,Area until candidate turn Democrat meet.
Energy engineer,Tiffany Barnes,strongashlee@example.com,16,Past factor there successful Mr prevent adult question.
"Designer, ceramics/pottery",Jennifer Mcfarland,bradleyclayton@example.org,69,Order environment true.
Tourism officer,Jay Wilkins,privera@example.net,47,Force not within can activity away some.
Immunologist,Charles Zuniga,mariabell@example.org,44,Idea teacher only hotel response.
Materials engineer,Kelsey Summers,glynch@example.org,70,Own wide question thing until might improve.
Herbalist,Judith Anderson,robinbrewer@example.org,93,Someone cut home job write pretty.
Restaurant manager,Mr. Nathan Mullins,narmstrong@example.com,65,Understand property message must short.
"Clinical scientist, histocompatibility and immunogenetics",Kari Wood,nlawrence@example.com,6,Realize increase town mouth impact anyone sure.
"Lecturer, further education",Jennifer Garcia,williamslori@example.com,28,Our why majority upon brother.
Mechanical engineer,Jesse Mitchell,kmorales@example.org,62,Begin fly admit environment perform yet government she.
Horticultural therapist,Daniel Miller,gonzalezbrooke@example.net,63,Early it away stop pick choose campaign magazine.
"Programmer, multimedia",Gregory Love,huntershawna@example.net,50,Trip example maintain crime cost eat.
Occupational psychologist,William Gutierrez,clintonadams@example.com,69,Campaign tell control machine west ground.
Call centre manager,Linda Navarro,jermainefoster@example.com,57,Knowledge difficult friend available.
Geochemist,John Mcknight,marylong@example.com,88,Agree among human dog.
Meteorologist,Shane Flores,reneemorrison@example.com,1,Image born pressure.
Land/geomatics surveyor,John Morrow,smorris@example.com,70,Box life risk sport capital tough.
Restaurant manager,Luis Martinez,brandy66@example.org,43,Skill although remember great bank.
Water engineer,Mrs. Gabriella Nicholson,yhayes@example.com,38,Technology food establish thus themselves.
Education administrator,Richard Miller,ybarker@example.org,97,Own option particular citizen.
Landscape architect,Steven Smith,morrisonjames@example.org,76,Key prepare discuss.
Chief of Staff,Gavin Goodwin,jillianburns@example.com,37,Director who Mrs.
Chief of Staff,Derek Taylor,bwalker@example.com,4,Benefit summer far among stand sport mission.
"Engineer, production",Gregory Sharp,williamsbrian@example.net,33,Cut word left especially.
Community arts worker,Sarah Patterson,andrew47@example.com,15,But out include court.
Tree surgeon,John Adkins,youngroberto@example.org,7,Heart offer south seven experience board process million.
Ranger/warden,Nicole Flores,boydpaul@example.org,82,Under amount day myself find determine baby.
Writer,Carl Martin MD,davidsmith@example.net,27,Than study say agree partner deep campaign.
Personal assistant,Larry Lee,jenniferdurham@example.org,50,Describe available right child let they sport.
Gaffer,Jordan Kelly,carterbrittany@example.net,76,Image concern main under stage Democrat.
Community pharmacist,Alexis Rivera,katherinespears@example.com,80,Group on result wear.
Furniture designer,Terri Williams,amy06@example.net,89,Nature situation it discuss subject serve identify.
Textile designer,Christina Swanson,brooke25@example.com,88,Explain down will.
"Doctor, general practice",Tina Henderson,wardalisha@example.com,56,Accept lead spend recent risk.
Information systems manager,Haley Flores,hduarte@example.org,54,Almost few whatever pass main plan every.
Banker,David Garza,sheila87@example.net,81,Fall enter line yard trade system with.
Chartered loss adjuster,Andrea Bradley,riveramichael@example.com,25,Tough price floor natural suffer.
Art therapist,Jade Vega,michelle82@example.com,79,History letter six feel sea court believe.
Hospital doctor,John Espinoza,powellsherry@example.org,66,Administration series billion else worry outside measure.
Waste management officer,Kevin Dixon,crystalpeck@example.com,10,Site anything each you test.
"Buyer, industrial",Ryan Welch,singhemily@example.org,76,Present address laugh two.
"Production assistant, television",Jeffery Hernandez,lawrence18@example.org,6,Contain indeed she street.
Musician,Lisa Lopez,melissa81@example.org,78,Local possible against throughout.
"Production assistant, radio",Sarah Miller,mcdanielnicole@example.net,60,Very history three heavy really interest.
Dancer,Stanley Weiss,mccoytracy@example.com,57,Husband sense others teach own determine.
Web designer,Billy Pierce,crystalbarry@example.net,99,May nor cause dark rather blood reveal.
Herpetologist,Shawn Wallace,alexandraruiz@example.net,29,Memory purpose control three throughout heavy.
"Scientist, biomedical",Julie Webster,jacob59@example.com,62,Prevent bank drug join coach boy plant along.
Advertising copywriter,Lisa Pena DDS,rmartin@example.net,14,Listen big art their.
Illustrator,Tracy James,ubrown@example.com,43,Trade agreement vote our move.
Environmental health practitioner,Steven Jacobs MD,stephen14@example.com,35,Key teach actually civil have particularly contain picture.
Clinical psychologist,Cindy Contreras,garzawayne@example.com,33,Television budget future.
Advertising account planner,Margaret Phelps,hughesjason@example.com,49,Very end animal.
Acupuncturist,Christopher Martinez,angela33@example.com,17,Near ground race suddenly participant cultural.
"Scientist, marine",Jennifer Williamson,robertmoody@example.org,2,Support bed throughout key.
Public relations officer,Wendy Schultz,privera@example.com,60,Image final answer education and end sing.
Building control surveyor,Sara Rios,zmorgan@example.com,35,Form where century five garden.
Armed forces logistics/support/administrative officer,Mario Jensen,ritaromero@example.net,20,Soldier heavy right authority economic later.
Medical secretary,Robert Skinner,logan20@example.com,66,Outside miss draw gas nice.
Health service manager,Wayne Gutierrez,stoneamy@example.net,98,Reveal sea which focus expect green finish.
General practice doctor,Patricia Brock,courtney21@example.net,59,Successful particular world glass.
"Scientist, research (maths)",Megan Rogers,carterkathy@example.com,39,Tell most rather single child teach Mr.
Arts development officer,April Boone,nhudson@example.org,84,Stock thousand throughout bar.
"Psychologist, forensic",Fernando Duke,michael94@example.net,16,Court leader by rock base.
Academic librarian,Mr. Eddie Nolan,vickisoto@example.net,42,Official police people operation look star occur why.
"Programmer, systems",Joshua Tapia,taylorbush@example.org,40,Prevent never along he.
Actor,David Greene,urussell@example.org,41,Later middle side positive food model.
Control and instrumentation engineer,Robert Robinson,crystal95@example.com,97,Local mention subject majority.
"Engineer, maintenance",Sandra King,lcontreras@example.net,94,Treat keep third our plan.
Fisheries officer,Brandy Bailey,iparsons@example.org,31,Guy thought data hundred.
"Surveyor, rural practice",Marilyn Carpenter DVM,holly18@example.com,64,Support less candidate mission.
Orthoptist,Janice Anderson,richard18@example.com,83,Civil recognize throughout hotel our play officer.
Ambulance person,Jake Brooks,kristenramirez@example.net,9,Image movement practice walk.
Engineering geologist,Joan Long,rpena@example.net,64,Firm section someone through add candidate.
Tax adviser,Joshua Jackson,elizabeth64@example.net,28,Newspaper mention very include success play.
"Librarian, public",Ashley Cooper,donna48@example.org,17,Camera television probably course but join beautiful.
Estate manager/land agent,Justin Palmer,wperez@example.com,68,Success government less audience environmental ever laugh.
"Buyer, retail",Daniel Weiss,emily40@example.org,67,Occur high stop wife artist company nor.
Health and safety adviser,Gabriel Nelson,rossmichelle@example.org,73,Travel prevent suffer collection piece involve can.
Risk analyst,Gary Phillips,cartereric@example.net,99,While would land top door.
Land,Deborah Martinez,oprice@example.com,19,Consider partner investment animal say during.
Logistics and distribution manager,Hector Harrison,cbarber@example.com,38,Ever throughout book.
"Doctor, general practice",Noah Brown,mbrown@example.org,41,Trial indeed believe hundred protect idea but.
Dancer,Crystal Zimmerman,mcintoshjessica@example.org,75,Fast require property personal.
Structural engineer,Sarah Hodge,hdiaz@example.com,61,Experience character ten our join continue according song.
"Surveyor, building",Dennis Lewis,smithpatricia@example.org,7,Feeling growth late trade far everyone.
Landscape architect,Taylor Blair,megan56@example.com,18,Head their meet agreement education property little prevent.
Health and safety inspector,Mark Brock,greenjackson@example.com,33,Thank night much none purpose effect country.
Veterinary surgeon,Thomas Wood,briancollins@example.com,95,They experience main reason.
Research scientist (medical),Michael Brown,garciakrystal@example.com,14,Himself old white standard any.
Architectural technologist,Gerald Lewis,andersonmallory@example.net,98,How travel line staff remember.
"Social research officer, government",Samantha Waters,burkejoan@example.com,41,Simple test clearly girl few key might.
Medical laboratory scientific officer,Dennis Ortiz,jimcastillo@example.com,25,Shake nearly break young authority nature project.
Land/geomatics surveyor,Larry Brown,brandonjohnson@example.net,93,Down gun radio huge word.
Nature conservation officer,James Petersen,hahnanthony@example.com,38,Push speak help scientist which use but.
Academic librarian,Cristian Ritter,whitejessica@example.org,13,Newspaper four fast business nearly offer.
"Therapist, music",Brenda Mitchell,ariasmichael@example.net,47,Experience affect investment professor form difficult.
Toxicologist,Victoria French,stephen54@example.com,4,Job operation natural share amount behind form cut.
Occupational therapist,Rachel Adams,laurencampos@example.net,84,Music exist scientist entire federal six.
"Scientist, research (physical sciences)",Theresa Mcbride,perezstephen@example.org,83,Enough produce region some write last.
"Chemist, analytical",Michael Diaz,tfarley@example.org,68,Door away cause paper season wife.
Mechanical engineer,Angela Jones,joshua25@example.net,46,Wall quickly article boy somebody society rate.
Learning mentor,Anita Stevenson,pattersonnicholas@example.net,82,Source lead and participant night.
Ergonomist,Mary Spears,richard30@example.org,67,Court record sit final billion where.
Catering manager,Christine Barker,holtchristy@example.org,30,Paper water major pretty chair yourself close.
Chiropractor,Denise Green,simpsontimothy@example.com,96,Claim within theory trade agree two thing series.
Museum education officer,Jill Greene,kimberlyjones@example.com,20,Score course most debate respond wish market.
Estate manager/land agent,Katie Rivera,madeline88@example.com,50,Fly serious service.
"Engineer, maintenance (IT)",Brittany Zimmerman,kimberly79@example.org,12,Space future grow significant.
Medical technical officer,Wayne Wong,ystrong@example.net,62,Within bring vote financial hope.
"Therapist, art",Kristin Lopez,haleyrodriguez@example.net,57,Consumer plant finally simple.
English as a foreign language teacher,Tara Smith,heatheralvarez@example.net,79,Rich most she allow.
"Social research officer, government",Scott Trujillo,staylor@example.net,34,Near only drop water answer show on.
"Engineer, aeronautical",Zachary Wright,josephlawrence@example.org,38,Product go easy thus information.
"Therapist, nutritional",Jeremy Shea,bscott@example.com,58,Air without wind goal detail increase manager.
Office manager,Kevin Lynch,rhouston@example.org,7,Pay voice behavior everybody.
Insurance claims handler,Chad Mcdonald,julie66@example.com,0,Find investment why final never population almost item.
Agricultural engineer,Rebecca Mahoney,ckey@example.net,92,Positive newspaper not onto go.
"Designer, jewellery",Kathryn Casey,mroberts@example.org,91,Ahead couple treatment garden possible.
Communications engineer,Kim Preston,penny59@example.org,14,This attorney above official keep more trouble.
Insurance risk surveyor,Richard Rice,wrightlisa@example.com,41,There film less majority paper care.
Probation officer,Rebecca Garcia,baldwintammy@example.net,62,Price service trouble such exist represent.
"Therapist, drama",Jeffrey Alvarez,gsmith@example.net,78,Wide he recognize general mission face sit make.
Publishing rights manager,Melissa Lucero,seansmith@example.com,71,She method west might.
Stage manager,Jill Lopez,theresahickman@example.com,78,Early similar use person.
Analytical chemist,Paula Townsend,schwartzdonald@example.net,86,Should argue program.
"Sound technician, broadcasting/film/video",Scott Baker,cassidy95@example.com,48,Economy campaign than including.
Customer service manager,Edward Johnson Jr.,reedtara@example.net,91,His manage Democrat small land.
Control and instrumentation engineer,Edward Macdonald,eharrington@example.com,86,Simple teach this attorney study.
Air cabin crew,Kevin Johnson,angel98@example.org,39,Receive special bad quickly.
Office manager,Cynthia Clay,benjamin93@example.net,67,Seven season traditional assume before for.
Warehouse manager,Steven Miller,dwilliams@example.com,49,Laugh it study south campaign.
"Psychologist, sport and exercise",Sean Haynes,annaheath@example.org,32,Modern inside time when car team stay huge.
Homeopath,Nathan Roth,frederickryan@example.net,45,Member pull low discuss.
Armed forces logistics/support/administrative officer,Alan Alexander,rachel70@example.org,76,Art paper protect teach fine reflect.
"Designer, industrial/product",Raymond King,meghanhernandez@example.org,37,Visit inside hand science want.
Stage manager,Jennifer Phillips,normanjuan@example.net,5,Game offer deep year business fine increase.
"Programmer, systems",Ryan Dennis,brettrobertson@example.com,99,Way improve drop rich to company this.
"Designer, ceramics/pottery",Sarah Munoz,michaelmccarthy@example.com,46,Yeah stock apply including help year.
"Therapist, art",Christopher Fitzgerald,jillgardner@example.com,96,Remember word look decade follow effort.
Retail merchandiser,Caleb Richardson,ricardojenkins@example.org,14,Local arrive term process left skin why.
"Surveyor, hydrographic",Aaron Torres,kpruitt@example.com,18,President less television close staff able.
Newspaper journalist,Karen Mccormick,sfowler@example.org,97,Successful local agreement over get red.
Geoscientist,Rhonda Mclaughlin,hectorbuck@example.com,34,Prevent sport ask TV western state seat ask.
Air traffic controller,Jordan Meyer,perezlisa@example.com,49,Your type beat.
Operational researcher,Alison Hines,drakemichael@example.com,71,Hour consider mission include its positive try.
Animator,Krista Anderson,carlarichardson@example.org,87,Cultural Congress mention hard local class.
Counsellor,Matthew Lloyd,jennifer48@example.net,11,City establish answer miss capital.
Landscape architect,Joseph Dixon,amandabrown@example.org,4,Next skin as response someone whatever.
Electrical engineer,Mr. Daniel Murphy DVM,williammartinez@example.net,60,Morning during reduce act business hundred eight.
"Teacher, special educational needs",Justin Riley,robert85@example.net,36,Husband door culture him rock food.
Arts administrator,Jordan Curtis,zgonzalez@example.com,21,Adult above grow to.
Materials engineer,Kenneth Cunningham DDS,jessica64@example.org,82,Plant coach represent break him full center.
Best boy,Amber Chapman,afoster@example.com,4,Letter actually seat make.
Sport and exercise psychologist,Jill Thompson,joshua09@example.net,83,Mother send anything son mention recent.
"Surveyor, rural practice",Michael Perry,hmccoy@example.org,27,Rise indeed reflect.
"Presenter, broadcasting",Caitlin Wilson,montgomeryjennifer@example.org,96,Accept responsibility record film fact.
Land/geomatics surveyor,Michael Allen,christopherheath@example.com,95,Side suffer century maintain many minute own.
"Engineer, water",Michael Jordan,nicholassteele@example.com,9,East increase pick age head executive still several.
"Runner, broadcasting/film/video",Melinda Henderson,hjohnson@example.org,55,Raise magazine day medical seven.
Estate agent,Travis Stewart,xcarroll@example.com,92,Note down color because.
Forensic scientist,Luis Knight,brett21@example.net,96,Cultural discussion million near material fine mouth hope.
Veterinary surgeon,Sharon Flynn,chris89@example.org,87,Hold low guess reach fear reduce draw little.
Event organiser,Lindsay Walker,mccoymichelle@example.com,6,Citizen sort world bag.
Physiological scientist,Brenda Kelley,rebeccaschneider@example.org,14,Note never public.
Tourist information centre manager,Willie Sanchez,whiteashley@example.org,76,Often issue word child doctor sense attention.
Geographical information systems officer,Belinda Scott,andrewjackson@example.com,73,Morning author school offer very simply.
Midwife,Matthew Estes,christine44@example.org,95,Condition peace difference stuff worry girl thousand.
Medical laboratory scientific officer,April Serrano,rachelevans@example.com,97,Western could image.
"Accountant, chartered management",Gregory Cannon,sharonbailey@example.com,24,Federal yes right thing maybe quickly some.
Newspaper journalist,Dr. Martha Peters,sandra92@example.org,97,Until despite too table.
Retail manager,Rachel Pham,pmorris@example.org,72,Now civil effort body past mind.
Fast food restaurant manager,Joseph Wright,randolphronald@example.com,49,Machine create board trip.
Housing manager/officer,Amanda Tran,michelle59@example.org,44,Middle particularly purpose film local water personal.
"Horticulturist, amenity",Michael Jones,uguzman@example.org,19,Next here allow necessary.
Multimedia programmer,Stephanie Lopez,michelle64@example.net,87,Half some name return.
Food technologist,Melvin Walker,kathleen02@example.com,70,Out factor go scientist player you necessary out.
Company secretary,John Ross,mcraig@example.net,87,Land style feel standard beyond direction.
Animal technologist,Maria Patton,spencerautumn@example.net,37,Number upon safe hundred.
Human resources officer,Steven Dickerson,likeith@example.net,73,Dinner market show myself option big attorney raise.
"Engineer, maintenance",Beverly Holmes,ashleytorres@example.com,86,Defense man agreement head wind customer.
Armed forces operational officer,Daniel Mccarthy,alan45@example.net,7,Small agree than.
Pension scheme manager,Patricia Gutierrez,charles46@example.net,43,Political form president walk ahead message.
Accommodation manager,Tina Rios,vparker@example.net,72,Smile never wall form PM thus peace.
Writer,David Schmidt,davischristopher@example.org,44,And feeling miss court.
"Horticulturist, amenity",Andrea Ward,villanuevaronnie@example.org,81,Our remain first way evening eight live baby.
Radio broadcast assistant,Julian Wilson,michael35@example.org,45,Green some name total might authority computer.
Theatre stage manager,Dana Woodard,kellyhawkins@example.com,22,Society seven store.
Nutritional therapist,Bill Burns,james96@example.net,83,Produce impact high idea those capital place.
Control and instrumentation engineer,Connor Allen,campbellclaudia@example.com,12,Door industry experience improve.
Banker,Jackie Bishop,lauriegarcia@example.com,9,New step organization clear.
Public relations officer,Gina Pittman,staffordchad@example.com,0,Account relationship bring.
Barrister's clerk,Elizabeth Roy,gmiller@example.com,53,Easy impact music.
Copy,Richard Lawson,fredbranch@example.com,48,Share trouble every mind put.
Web designer,Steven Ellis,murphyvictor@example.org,58,Law population operation season religious oil picture travel.
Armed forces logistics/support/administrative officer,Jessica West,joy69@example.net,43,Could light must environment candidate design.
Politician's assistant,Morgan Washington,evanschristopher@example.com,55,Morning industry music side history.
Volunteer coordinator,Angela Berger,millerglen@example.com,12,Game south born none describe north.
Technical sales engineer,Renee Wolfe,jamesmccann@example.com,50,Soldier sea production walk above decade small.
"Designer, textile",Christina Harris,alexandergloria@example.org,48,Each lead approach which piece.
"Journalist, newspaper",Scott Gonzales,brandi74@example.net,84,Similar save record not message.
"Merchandiser, retail",Joseph Frederick,kenneth32@example.net,63,Group buy understand myself nature skin condition.
Media planner,Melissa Edwards,michaelmiles@example.net,90,Staff be scientist simple law force common.
"Clinical scientist, histocompatibility and immunogenetics",Joshua Ashley,robertkim@example.net,80,Able cell agree half rich nor.
"Research officer, political party",Emily Jones,nguyencourtney@example.com,78,Sound specific four move policy.
Lobbyist,Lisa King,howetheresa@example.net,90,One forget receive film.
Agricultural engineer,Gary George,cynthia60@example.com,5,She end blue.
Archaeologist,Melissa Flynn,xsandoval@example.net,43,Travel international reality somebody compare smile that.
Clinical molecular geneticist,Lisa Davis,elizabethblair@example.net,22,Ready end forward ask money.
Technical author,Megan Watson,eortiz@example.net,35,Who relate protect buy.
Public relations account executive,Patricia Stein,bcollins@example.com,87,Mr modern source per side similar long.
Arboriculturist,Charles Bowers,staceysanders@example.net,60,By theory particularly door item first population oil.
"Therapist, horticultural",Tina Scott,cynthialee@example.org,79,Another fine thus generation form bag lawyer.
Mechanical engineer,Nicholas Andrews,mary99@example.net,47,Summer difficult example today need method main.
"Engineer, energy",Jessica Sanders,william16@example.org,56,Protect already treatment political music interview.
"Solicitor, Scotland",Julie Peck,ydean@example.org,26,Somebody window movement my professor product speech.
Museum/gallery exhibitions officer,Tamara Maldonado,andrew94@example.org,15,Any sometimes itself get cut.
Speech and language therapist,Troy Nielsen,linda40@example.org,8,College he remember more policy could serve.
"Conservator, museum/gallery",Ruben Henry,ytaylor@example.net,49,Return them big positive tell outside perhaps official.
Equities trader,Brian Brown,susan33@example.net,72,Specific person report.
Sub,Andrew Higgins,jgrimes@example.org,66,These mother doctor place movie kitchen.
Ceramics designer,Brandon Wallace,martha20@example.org,37,Anything science drive ten improve.
Ergonomist,Jason Evans,jorge88@example.net,42,Value window red instead commercial community.
Education administrator,Brianna Horton,tonya35@example.net,48,Thousand popular not need successful movie go.
Sales executive,Keith Graves,kelsey16@example.org,3,Fund down open girl water season worry.
"Surveyor, building control",Daniel Archer,shannonkane@example.org,19,Yourself rise family owner traditional.
Web designer,Brenda Dixon MD,ggarner@example.net,24,Medical card involve contain set.
Media planner,Michelle Patterson,shermannatalie@example.net,46,Avoid amount performance control stock security particular.
"Conservator, furniture",Jennifer Martinez,glenn63@example.org,29,Threat wear them one.
Tourism officer,Peter Trujillo,warrenjustin@example.net,82,Peace lay Congress.
Bonds trader,April Bishop,kaitlyn29@example.net,20,Sea him water behind way authority kitchen.
Local government officer,Chad Bautista,cgutierrez@example.com,0,Sound like plant top state capital training.
"Psychotherapist, child",Lindsay Alexander,olewis@example.org,23,Sea paper card many population.
Legal executive,Robert Park,ndecker@example.net,60,Pressure process indicate or.
"Engineer, mining",Lisa Cruz,dreed@example.org,35,Table energy weight bed only.
Chartered public finance accountant,Manuel Garcia,olsenallen@example.org,57,Minute only common assume suffer charge.
"Nurse, adult",Larry Morse,lancesmith@example.com,70,Anything us imagine result value he keep mention.
"Therapist, horticultural",Peter Jones,tbrown@example.net,85,Catch piece two fall exist.
Local government officer,Erin Ortiz,bjohnson@example.com,60,Interview may play mean.
Contractor,Robert Townsend,conniehatfield@example.com,35,Once near security teach note class image record.
"Conservator, museum/gallery",Christina Munoz,jaredyoung@example.net,16,Pick to peace drive themselves guess.
Water engineer,Sarah Swanson PhD,cgarcia@example.org,47,Positive continue local two perhaps realize group open.
Clothing/textile technologist,Tyler Park,brianajohnson@example.net,51,These wonder inside mean art catch.
Cartographer,Eric Cruz,meghan11@example.org,54,Company performance professor nation no dinner.
Insurance underwriter,Daniel Mitchell,samueljones@example.net,45,Inside laugh region responsibility direction.
Hospital doctor,Daniel Lewis,hillalyssa@example.org,24,Next myself will everyone practice.
"Designer, graphic",Jennifer Ortiz,ujohnson@example.net,18,Eight strong project six play sort.
Dispensing optician,Emily Butler,michael46@example.org,20,Minute perform personal street career second friend.
Veterinary surgeon,Mrs. Amber King,cindy56@example.org,91,Affect next public fine.
"Editor, magazine features",Samantha Green,kristina55@example.com,51,Hot small shoulder question now professor several often.
"Engineer, electronics",Jennifer Miller,melissa46@example.net,75,Suggest last six medical none sure.
"Engineer, building services",Kristi Mckay,christopherlucas@example.net,39,Most computer tonight one floor.
Ranger/warden,Sydney Lawrence,shuang@example.com,0,Two policy land threat worker force respond.
English as a foreign language teacher,Mrs. Leah Pitts,lisa79@example.com,12,Family ever traditional image animal rest evening.
Geochemist,Julie Frye,qgomez@example.org,60,Yes arm power store couple fish.
"Conservation officer, nature",Alicia Jordan,laurataylor@example.org,50,Either camera word high phone explain power.
Environmental education officer,Kenneth Bowen,justinmitchell@example.org,26,Voice whose most language when I.
"Scientist, audiological",Jacqueline Harper,fuentespatrick@example.org,24,Natural information hope ok.
Interpreter,Roberto Clark,davidmathis@example.org,59,Throw seat capital already model wear.
Social researcher,Richard Zamora,rickey64@example.org,98,Author again need try cover win evening.
Charity officer,Stacey Holmes,catherinewilkerson@example.net,65,Quickly country out race lawyer way cell.
"Administrator, education",George Hodges DVM,manningpaul@example.net,43,Commercial form data resource lay western.
Higher education careers adviser,John Meyer,iflores@example.com,70,Allow detail why author win watch try.
Marketing executive,Ronald Matthews,qcrane@example.net,26,Ball ball make soldier hold government.
Textile designer,Leonard Brown,andrea92@example.org,29,Network mind parent likely rich environment she.
Psychiatrist,Rhonda Robbins,rivasaustin@example.org,84,Evening staff commercial everything.
"Administrator, Civil Service",Jennifer Davila,bergercindy@example.com,67,Yard care stand but number drug meet.
Call centre manager,Jose Sanchez,nortonjames@example.org,41,Move computer field imagine young collection room.
Oceanographer,Jeff Smith,vcastillo@example.com,11,Force fight him recognize marriage move.
"Scientist, water quality",Karen Schmidt,alishalynch@example.com,76,Nice oil moment guy.
Civil Service administrator,Nicholas Pittman,deborah61@example.net,89,Treatment operation environment.
Media planner,Melanie Fox,pattersondeanna@example.com,42,Example house head somebody out to.
"Doctor, hospital",Timothy Bruce,jamesevans@example.com,60,Fire break one work even try there.
Associate Professor,Mark Woods,johnrodriguez@example.net,57,Experience consumer dream way Democrat five.
Sports coach,Teresa Ruiz,kjackson@example.net,41,Skin second to enjoy compare fear.
"Chemist, analytical",Diana Cooper,ericdaniel@example.com,32,Environment everybody young however kind own.
"Therapist, sports",Ethan Torres,xcochran@example.net,14,Event significant political cost.
"Producer, radio",Roy French,htran@example.com,69,Receive for say relationship it set name.
"Restaurant manager, fast food",Michael Brown,qowens@example.net,33,Support kind ok everything.
Physiotherapist,Mary Wells,michelle69@example.net,47,Indeed office single music imagine.
"Education officer, environmental",Penny Arnold,caleb27@example.net,20,Form style focus that administration between million near.
Copy,Phillip Branch,jdaniels@example.com,67,Teach plan star week star.
Pension scheme manager,Sandra Dominguez,reneemckee@example.net,4,Rather who oil high.
Hydrogeologist,Kelsey Brown,mariastrickland@example.com,27,Bad student machine yes employee.
Publishing rights manager,Andrew Huang,mholmes@example.com,67,Story return military security unit around another.
Building control surveyor,Kenneth Guzman,christopherhaney@example.com,39,Natural value media very policy cultural newspaper.
Ophthalmologist,Todd Combs,kaylahanna@example.com,75,Teach involve what able.
Artist,Maria Galloway,cynthiachambers@example.com,91,Admit everything star beautiful including.
"Engineer, electrical",Lori James,anthonyhowell@example.com,68,Long little job claim scene.
Hospital pharmacist,David Wise,jennifer78@example.net,84,Bad trouble create produce politics interest whole.
Medical technical officer,Matthew Burton,vanessawilliams@example.net,85,Simply serious on certain mind.
Careers adviser,James Hawkins,janet16@example.com,85,Politics official experience front box perhaps small.
"Scientist, research (maths)",Chelsea Mack,melissahodge@example.org,36,Little late interesting cold.
Clinical psychologist,Angela Thomas,toddmartinez@example.org,21,Without religious deal race what.
"Engineer, electrical",Kimberly Taylor,qwong@example.com,66,Unit movie recognize few industry green box.
Hydrologist,Tiffany Scott,tswanson@example.org,36,Deal ask trouble.
Speech and language therapist,Adriana Nielsen,theodore48@example.com,79,Rest spring just simply rich half attention.
"Presenter, broadcasting",Joshua Everett,melissa80@example.com,19,Exactly respond seat white speak campaign.
Lobbyist,Matthew Cooley,scott56@example.com,16,Fight interesting side they.
"Engineer, agricultural",Roy Munoz,wendy23@example.org,64,Goal civil model thousand.
Product manager,Jacob Johnson,hillmelissa@example.net,51,Better reach conference last least couple among.
"Designer, multimedia",Gabriel Ray,sstewart@example.com,25,Democrat of admit how boy line.
Passenger transport manager,William Morales,bhenry@example.com,53,Attorney adult because sit way.
Aeronautical engineer,Alicia Best,garciajessica@example.net,14,High law particularly probably evening first despite.
"Engineer, site",Cameron Martin,gmcdaniel@example.net,43,Light suddenly because wish much none up.
Speech and language therapist,Francis Gray,williamsonjames@example.com,13,Friend help indeed kind research.
"Psychologist, occupational",David Wolfe,morenoemma@example.org,94,Region me money Mr trial.
Media buyer,Nicole Bennett,rachelgreen@example.com,25,Shake provide space where today book.
Fish farm manager,John Crawford,rossanthony@example.net,11,Sense reason mean use group radio.
Firefighter,Randy Barnes,webbryan@example.org,72,Interesting everyone have beyond explain simply.
"Physicist, medical",Angie Delgado,brianna69@example.net,54,Evidence choose door important site.
Logistics and distribution manager,Valerie Jackson,betty35@example.org,68,Miss network once data.
Energy manager,Gabriel Martin,thomas06@example.org,82,Cell first high go involve sit bar.
"Administrator, local government",Edward Gregory,freemanshane@example.org,12,Middle director prepare fund contain common me.
Health physicist,Michael Yoder,phillipschristina@example.com,36,Ground return station rate game hold.
Chartered certified accountant,Margaret Sanchez,whitejessica@example.com,68,Light trial carry market realize.
Operations geologist,Dr. Dana Brown,torresdonna@example.net,0,Party old want.
Diplomatic Services operational officer,Dr. Thomas Garcia,bakersherry@example.org,22,Decision plant thought themselves staff.
Public relations account executive,Toni Thompson,hannah87@example.net,83,Cost financial executive worker this seek.
Special educational needs teacher,Stephanie Rodriguez,brian68@example.org,34,View type especially various person some.
Theatre stage manager,Ricky Miller,kimberlygarcia@example.org,51,Seven wide bed Mrs win carry.
Bookseller,Scott Lopez,candace47@example.org,22,Medical street travel young security nothing.
Chief Strategy Officer,Christy Parker,tbautista@example.com,26,American color marriage hope from.
Systems analyst,Kristina Garcia,michael60@example.com,4,Clear end none season traditional.
"Development worker, community",Kristin Yang,robertmaxwell@example.com,4,Happen specific with act sister really fast.
Land,William Wallace,joshua54@example.org,58,What reality establish it.
Trading standards officer,Perry Morales,rmurray@example.com,54,Project before cultural.
Licensed conveyancer,Laura Sherman,erodriguez@example.com,98,Reduce age rise road.
"Secretary, company",Larry Duran,gtorres@example.net,39,Respond bar every maybe baby inside.
Broadcast presenter,Harry White,wrightjessica@example.org,49,No simple reason industry.
Games developer,Rita Everett,taylorteresa@example.org,78,Near Democrat ready task.
Insurance underwriter,Anna Jones,carl32@example.org,95,Choice whole keep picture card.
Horticultural therapist,Monica Short,brycekennedy@example.net,86,Senior not always billion family own act.
"Clinical scientist, histocompatibility and immunogenetics",Robert Rodriguez,kelly11@example.com,6,Drop city drop ability candidate poor building trial.
Contracting civil engineer,Kathleen Hall,charlene95@example.net,72,Participant my fall who while very.
"Psychologist, clinical",Alexander Weiss,crystalhunter@example.com,79,Go great better mention deep.
Air broker,Sierra Lewis,vhunt@example.net,54,Too Mrs hold.
Advertising account executive,Michelle Bennett,xreyes@example.net,94,Ok hospital our American continue include.
Bonds trader,Erica Smith,clintonowens@example.net,98,Message for throughout agreement prepare end upon strategy.
Event organiser,Dillon Waters,jennifer00@example.net,0,Pattern attention organization sing.
Education administrator,Trevor Pena,christophertaylor@example.org,53,Special think child cause.
Insurance claims handler,Ray Oconnell,hernandezmelissa@example.org,31,Determine while record contain anyone six either.
Medical sales representative,Ashley Diaz,dawn15@example.com,66,Nothing suggest power situation happen.
Radio broadcast assistant,Mr. Marcus Drake,rodney02@example.net,88,Ever tough inside career.
Research scientist (maths),Eric Price,jeffrey75@example.net,86,Hospital spring true sign water.
Financial risk analyst,Mike Perez,clayrobert@example.com,38,Response evidence care product left talk history.
Volunteer coordinator,Adam Robinson,taylorward@example.com,79,Amount which yet artist capital.
Oncologist,Gregory Collins,ryan18@example.org,59,Lay purpose item entire painting outside.
Private music teacher,Heidi Gonzalez,randy40@example.org,39,Watch model serious like cold pressure where.
Special educational needs teacher,Mark Pena,kevinwalker@example.org,83,Improve manage focus cultural better artist.
Chief Operating Officer,Marissa Sanders,hrobinson@example.com,45,Commercial food upon perform forget.
Passenger transport manager,Robin Arellano,david21@example.com,59,Type its board energy morning article push easy.
Civil Service administrator,James Garza,nortonerin@example.com,19,Such campaign political big player exist run.
"Scientist, research (life sciences)",Gary Lyons,justinwatson@example.com,52,Better according treatment.
Curator,Timothy Wells,donna19@example.net,40,Whether lead mind most also perhaps.
Training and development officer,Karen Hill,cathy17@example.net,48,Line probably role fund debate attorney.
Paramedic,Shannon Perez,joshuahuynh@example.org,39,Analysis movement maybe single employee trouble.
Chemical engineer,Nathaniel Brown,nyoung@example.net,87,Career challenge quickly.
Chief of Staff,Ms. Alexis Craig DDS,bennettlauren@example.org,25,One compare term house operation Mrs lawyer.
"Education officer, environmental",Paula Smith,sharprichard@example.net,95,About north apply trial.
Office manager,Phillip Torres,julie35@example.com,35,Trial away pressure type my.
Lobbyist,Ryan Velazquez,zgarcia@example.com,78,Final young forget.
Photographer,Dakota Rodriguez,kruegermonica@example.org,20,Keep message with safe build.
Logistics and distribution manager,Dr. Zachary Williams,james30@example.org,4,Consider fire age find civil safe sense.
"Designer, blown glass/stained glass",Samantha Bass,qmccarthy@example.com,28,No personal forget matter.
Broadcast presenter,Abigail Brown,parkervictoria@example.org,75,Fly education stock policy more what piece.
Archaeologist,Nicole Vasquez,robin57@example.net,70,Start writer live.
"Nurse, learning disability",Marcus Montgomery,rgutierrez@example.net,47,Story recent support type government.
Television production assistant,Henry Moore,igarcia@example.org,74,Station technology team movie often happen rest about.
Tax adviser,Dr. Kelly Vang,jeffrey46@example.com,24,Blood effect model drop eight later peace.
Geophysicist/field seismologist,Brent Sanchez,kleinryan@example.com,82,Factor sister report part series lay.
Research scientist (maths),Heather Ramirez,stevenbeard@example.com,1,Total physical body crime.
Speech and language therapist,Dawn Davis,kimberlyscott@example.net,12,Day glass specific trouble position still.
"Teacher, primary school",Kaitlin Miller,xmendez@example.org,90,Guy camera shake human across.
Clinical cytogeneticist,Brenda Davis,jmay@example.net,91,Health citizen water.
Health service manager,Melissa Beck,thomassalazar@example.net,3,Hot yet often operation anyone.
Armed forces operational officer,Debra Bennett DDS,fergusonbrian@example.net,25,Mr seek respond all way learn medical stuff.
Secretary/administrator,Bryce Tran,randall56@example.net,78,Performance economic Mr.
Estate agent,Shane Hubbard,patricia02@example.net,10,Result spring make attorney inside face standard.
Special educational needs teacher,Kendra Richardson,smartin@example.org,94,Town agency ball.
Chartered certified accountant,Charles Kim,danajenkins@example.org,1,Almost free adult major pattern collection ready.
Immigration officer,Angie Roman,gonzaleztami@example.org,17,Ground able these grow how lay eat happy.
Cabin crew,Danny Shepherd,oliviaedwards@example.org,86,Lose on avoid herself including lay man sea.
Database administrator,Richard Wilkerson Jr.,charlenemccall@example.org,72,Likely player term continue executive this upon.
"Teacher, English as a foreign language",Christopher Schmidt,mariahgreen@example.org,82,Situation number check wrong song response measure.
"Surveyor, quantity",Amber Perez,shannon42@example.net,37,Issue summer would place first.
Financial planner,Elizabeth Woods,heathermcdaniel@example.org,9,Suffer operation able.
Administrator,Tracy Patel,mark42@example.org,55,Listen against section series seat yet key.
"Psychologist, prison and probation services",Kimberly Davila,nvincent@example.org,96,Red car father under tend.
Actor,Jason Mckenzie,crosstravis@example.com,94,Pattern opportunity involve interview effort.
Higher education lecturer,Gregory Osborn,mcgeeernest@example.net,37,Parent nor special attack rock.
Computer games developer,Mary Allen,angela07@example.com,71,Expert material girl behavior serious cell political six.
Forest/woodland manager,Tony Allen,ujones@example.org,64,Majority walk indeed.
Scientific laboratory technician,Jeremy Melton,hklein@example.org,23,These gas page.
Armed forces operational officer,Megan Duffy,jonesnicole@example.org,92,Different near stock understand remain.
"Surveyor, rural practice",Kelly Lucero,jimmy21@example.net,46,Official look fear throughout.
"Embryologist, clinical",Craig Lawson,brianmeadows@example.org,54,Professor life alone show garden large base with.
Lexicographer,Daniel Cox,lyonsderek@example.com,25,Foot senior onto shake pick.
Drilling engineer,Kevin Howard,tammywest@example.com,72,Wish could what dream partner thought.
Conference centre manager,Alan Trujillo,andrefaulkner@example.net,77,Child truth democratic big country find focus.
"Engineer, water",Ryan Perez,twalker@example.com,27,Amount detail challenge response property total.
"Designer, exhibition/display",Jasmine White,dustin05@example.com,28,Where direction happy rather.
"Psychologist, educational",Elizabeth Taylor,qperkins@example.net,56,Some mention including defense audience get.
Field trials officer,Tanner Thompson,xhunt@example.com,45,Smile class his media fund alone.
Charity fundraiser,Shane Williams,wrightethan@example.org,85,Year represent center church end time before get.
Sports coach,Kimberly Young,efreeman@example.org,64,Billion idea bed mouth admit.
Chartered loss adjuster,Caitlyn Mayo,sheltonadam@example.com,57,Fear war station eye.
"Scientist, product/process development",Thomas Valentine,harrisgarrett@example.com,5,Also agree top team kid mention.
Publishing rights manager,Rachel Sanford,mchambers@example.net,37,Attorney wind more firm eye.
Art gallery manager,Sarah Phillips,anthony48@example.org,12,President listen let.
Estate agent,Mary Smith,slam@example.net,17,Discussion since group defense.
Information officer,John Smith,imorales@example.com,32,Not network sense character both act agree.
"Surveyor, quantity",Marc Brown,irwinkeith@example.com,72,Guy boy maybe standard.
Network engineer,Regina Walker,norma20@example.com,69,Around color test.
Interpreter,Kimberly Cruz,jodioneal@example.com,43,Outside theory speak media human child.
Merchant navy officer,Virginia Adams,jrose@example.net,51,Most other prove commercial discussion.
Claims inspector/assessor,Mathew Jones,joshuabrown@example.com,53,Southern catch president their.
"Development worker, international aid",David Hughes,perezkristina@example.net,93,Ready operation describe community deal yet order.
Catering manager,Christopher Jackson,hickmankimberly@example.com,72,Between successful network manager also thousand.
Financial controller,Karen Daniels,urobinson@example.net,32,Brother itself much.
Sports therapist,Brittany Ray,eric54@example.net,18,Fact hope wonder true.
"Accountant, chartered public finance",Austin Christian,kennethwillis@example.com,35,Him fill act.
Sport and exercise psychologist,Seth Chavez,nelsonlori@example.net,77,Collection north sure quickly act.
Audiological scientist,Kristin Barry,john20@example.com,63,Official cold ok last process deep character.
Intelligence analyst,Ian Williams,boydbrian@example.com,90,Clearly security establish name daughter.
"Therapist, drama",Ruben Paul,emilydiaz@example.org,12,Truth place white almost.
Bonds trader,Alexandra Beck,cherylhoover@example.com,17,Concern still history movement effort.
Nutritional therapist,Trevor Abbott,ksanchez@example.org,41,When design company throughout.
Research scientist (physical sciences),Holly Baldwin,sean83@example.net,16,Long make maintain here choice meeting radio.
Heritage manager,Patricia Saunders,zewing@example.net,77,Wife not seem still series.
Clinical embryologist,Mary Preston,kmendoza@example.net,62,Our arm let region step investment summer meet.
"Conservation officer, nature",Brandon Henderson,amason@example.net,90,Hope against fly phone box great.
Herbalist,Jesus Hurst,garciaveronica@example.com,51,Nothing since television now top.
"Editor, magazine features",Scott Mathis,markjoyce@example.net,100,Form for herself rate fire.
Occupational hygienist,Krista Obrien,tylerfreeman@example.org,96,Else woman sell situation who.
Hospital doctor,Dennis Blanchard,ryan29@example.org,78,Week with risk sometimes among possible style.
Geographical information systems officer,Robert Robles,louishernandez@example.org,79,Myself Congress step particular measure.
"Buyer, retail",Ashley Walters,amcclain@example.org,56,Former concern indeed among.
Mental health nurse,Rachel Hayes,rjacobs@example.com,8,Pressure big work member idea step pattern.
Herbalist,Phyllis Fields,manncarlos@example.net,66,Officer board office have beat thank.
Actuary,Johnny Russell,melissamiller@example.org,65,Then local medical.
Production engineer,Carrie Perez,aweaver@example.org,21,Show somebody every direction.
"Programmer, systems",Henry Roberts,lynchsarah@example.com,65,Down kitchen interesting fall pressure his forget discussion.
Chief Strategy Officer,Danny King,ostone@example.org,48,Tax nature care if their however.
Intelligence analyst,Brian Davis,ymartinez@example.net,20,Better military understand realize whose moment consumer.
Jewellery designer,Dustin Hayes,jsmith@example.com,55,Apply much back force building art.
Water quality scientist,Elizabeth Schneider,coltonunderwood@example.com,4,That spring why both account.
Horticultural therapist,Melinda Meza,barrettmichael@example.com,13,Capital above always ever at.
"Scientist, research (life sciences)",Sherry Watson,allisonandrew@example.net,65,Network page almost candidate cost.
Cytogeneticist,Kim Hale MD,kara28@example.org,36,Pay road prove into scientist.
"Surveyor, insurance",Jeffrey Hopkins,nalvarez@example.net,59,Song no upon appear soon each.
"Editor, magazine features",Andrew Murphy,coxcalvin@example.net,22,Fly almost early eat serve.
Location manager,Jennifer West,christopher12@example.org,41,Lay adult least agent run.
Physiological scientist,Cynthia Jones,jwilson@example.org,25,Especially which financial significant week ball onto.
Careers information officer,Jennifer Munoz,kochcharles@example.com,87,Out skill night interesting.
"Editor, magazine features",Dr. Paul Garcia,jonesmichael@example.org,57,Old significant recognize right work base stock ten.
Sales promotion account executive,Molly Harper,connordurham@example.net,11,Indeed them trade black clear writer.
Medical physicist,Paul Thompson,davissusan@example.org,98,Class us her training bit break very.
Banker,Timothy Davis,qsmith@example.net,48,Involve wide very according live thus evening.
Operational researcher,William Schaefer,molly02@example.com,69,Nation analysis explain past.
"Development worker, international aid",Tara Stevens,leahnelson@example.com,96,Third pressure save seem beyond.
Immigration officer,Theodore Burke,janicelewis@example.net,53,Old final listen record approach option position.
"Social research officer, government",Brandon Green,petersonjessica@example.org,19,Goal place guess wear where either ten.
Training and development officer,Christie Sexton,elliottjennifer@example.com,78,Site with away rise.
"Psychotherapist, dance movement",Timothy Robinson,erikastanley@example.net,100,Common fish trial begin deal reduce.
Furniture designer,Mark Thompson,steven03@example.org,35,Manager present enough behind agreement method.
Farm manager,Alan Snow,hbrock@example.com,2,Direction particular cup.
Careers information officer,Mrs. Maria Evans DVM,wwilliams@example.com,97,Left usually red artist suddenly question.
"Designer, television/film set",Jerry Powell,jefferywright@example.org,32,Board his current grow.
Graphic designer,Leroy Diaz,kimanthony@example.org,54,Plant short large good fine important citizen.
"Journalist, broadcasting",Isaac Morton,dharris@example.org,12,Officer amount cover few could.
"Designer, jewellery",William Moore,jmoore@example.org,19,Step impact argue represent.
